31.10.2018,OX,1 rok,"1,770","1,810",-,-,"0,28%",
31.10.2018,OX,2 roky,"1,995","2,035",-,-,"0,50%",
31.10.2018,OX,3 roky,"2,200","2,240",-,-,"0,79%",
31.10.2018,OX,4 roky,"2,367","2,407",-,-,"1,14%",
31.10.2018,OX,5 let,"2,500","2,540",-,-,"1,20%",
31.10.2018,OX,6 let,"2,600","2,640",-,-,"1,26%",
31.10.2018,OX,7 let,"2,690","2,730",-,-,"1,50%",
31.10.2018,OX,8 let,"2,763","2,803",-,-,"1,27%",
31.10.2018,OX,9 let,"2,833","2,873",-,-,"1,15%",
31.10.2018,OX,10 let,"2,903","2,943",-,-,"1,12%",
31.10.2018,OX,12 let,"3,038","3,078",-,-,"0,91%",
31.10.2018,OX,15 let,"3,180","3,220",-,-,"1,43%",
31.10.2018,OX,20 let,"3,193","3,223",-,-,"0,41%",
28.09.2018,OX,1 rok,"1,767","1,798",-,-,"-0,14%",
28.09.2018,OX,2 roky,"1,970","2,000",-,-,"-0,50%",
28.09.2018,OX,3 roky,"2,163","2,192",-,-,"0,58%",
28.09.2018,OX,4 roky,"2,347","2,377",-,-,"0,30%",
28.09.2018,OX,5 let,"2,505","2,535",-,-,"-0,79%",
28.09.2018,OX,6 let,"2,625","2,655",-,-,"-0,75%",
28.09.2018,OX,7 let,"2,730","2,760",-,-,"-0,72%",
28.09.2018,OX,8 let,"2,825","2,855",-,-,"-0,77%",
28.09.2018,OX,9 let,"2,907","2,938",-,-,"-0,85%",
28.09.2018,OX,10 let,"2,980","3,020",-,-,"-0,83%",
28.09.2018,OX,12 let,"3,120","3,160",-,-,"-0,79%",
28.09.2018,OX,15 let,"3,250","3,290",-,-,"-0,76%",
28.09.2018,OX,20 let,"3,345","3,385",-,-,"-0,74%",
31.08.2018,OX,1 rok,"1,755","1,785",-,-,"0,43%",
31.08.2018,OX,2 roky,"1,902","1,933",-,-,"0,24%",
31.08.2018,OX,3 roky,"2,085","2,115",-,-,"0,24%",
31.08.2018,OX,4 roky,"2,262","2,293",-,-,"0,33%",
31.08.2018,OX,5 let,"2,413","2,442",-,-,"0,21%",
31.08.2018,OX,6 let,"2,525","2,555",-,-,"0,20%",
31.08.2018,OX,7 let,"2,627","2,658",-,-,"0,17%",
31.08.2018,OX,8 let,"2,717","2,748",-,-,"0,18%",
31.08.2018,OX,9 let,"2,802","2,833",-,-,"0,27%",
31.08.2018,OX,10 let,"2,873","2,913",-,-,"0,28%",
31.08.2018,OX,12 let,"3,013","3,053",-,-,"0,10%",
31.08.2018,OX,15 let,"3,143","3,183",-,-,"0,25%",
31.08.2018,OX,20 let,"3,237","3,277",-,-,"0,22%",
31.07.2018,OX,1 rok,"1,737","1,768",-,-,"-0,28%",
31.07.2018,OX,2 roky,"1,928","1,968",-,-,"-0,76%",
31.07.2018,OX,3 roky,"2,115","2,155",-,-,"-0,81%",
31.07.2018,OX,4 roky,"2,298","2,338",-,-,"-0,75%",
31.07.2018,OX,5 let,"2,455","2,495",-,-,"-0,80%",
31.07.2018,OX,6 let,"2,575","2,615",-,-,"-0,76%",
31.07.2018,OX,7 let,"2,670","2,710",-,-,"-0,92%",
31.07.2018,OX,8 let,"2,755","2,795",-,-,"-0,98%",
31.07.2018,OX,9 let,"2,840","2,880",-,-,"-0,97%",
31.07.2018,OX,10 let,"2,923","2,963",-,-,"-0,76%",
31.07.2018,OX,12 let,"3,063","3,103",-,-,"-0,88%",
31.07.2018,OX,15 let,"3,165","3,205",-,-,"-1,55%",
31.07.2018,OX,20 let,"3,178","3,218",-,-,"-2,37%",
29.06.2018,OX,1 rok,"1,750","1,780",-,-,"0,01%",
29.06.2018,OX,2 roky,"1,932","1,963",-,-,"0,41%",
29.06.2018,OX,3 roky,"2,100","2,140",-,-,"0,47%",
29.06.2018,OX,4 roky,"2,275","2,315",-,-,"0,66%",
29.06.2018,OX,5 let,"2,430","2,470",-,-,"0,82%",
29.06.2018,OX,6 let,"2,555","2,595",-,-,"0,60%",
29.06.2018,OX,7 let,"2,658","2,698",-,-,"0,47%",
29.06.2018,OX,8 let,"2,748","2,788",-,-,"0,27%",
29.06.2018,OX,9 let,"2,830","2,870",-,-,"0,53%",
29.06.2018,OX,10 let,"2,913","2,953",-,-,"0,60%",
29.06.2018,OX,12 let,"3,048","3,088",-,-,"0,46%",
29.06.2018,OX,15 let,"3,190","3,230",-,-,"0,36%",
29.06.2018,OX,20 let,"3,230","3,270",-,-,"-0,87%",
31.05.2018,OX,1 rok,"1,720","1,760",-,-,"0,02%",
31.05.2018,OX,2 roky,"1,890","1,920",-,-,"0,27%",
31.05.2018,OX,3 roky,"2,040","2,070",-,-,"0,12%",
31.05.2018,OX,4 roky,"2,220","2,250",-,-,"0,56%",
31.05.2018,OX,5 let,"2,370","2,400",-,-,"0,21%",
31.05.2018,OX,6 let,"2,500","2,540",-,-,"0,31%",
31.05.2018,OX,7 let,"2,620","2,650",-,-,"0,34%",
31.05.2018,OX,8 let,"2,710","2,750",-,-,"0,33%",
31.05.2018,OX,9 let,"2,800","2,830",-,-,"0,37%",
31.05.2018,OX,10 let,"2,875","2,915",-,-,"0,26%",
31.05.2018,OX,12 let,"3,020","3,050",-,-,"0,42%",
31.05.2018,OX,15 let,"3,125","3,225",-,-,"0,00%",
31.05.2018,OX,20 let,"3,230","3,260",-,-,"-0,45%",
30.04.2018,OX,1 rok,"1,700","1,740",-,-,"0,00%",
30.04.2018,OX,2 roky,"1,850","1,890",-,-,"0,97%",
30.04.2018,OX,3 roky,"2,020","2,060",-,-,"0,99%",
30.04.2018,OX,4 roky,"2,198","2,238",-,-,"0,80%",
30.04.2018,OX,5 let,"2,360","2,400",-,-,"1,49%",
30.04.2018,OX,6 let,"2,483","2,523",-,-,"1,11%",
30.04.2018,OX,7 let,"2,590","2,630",-,-,"1,16%",
30.04.2018,OX,8 let,"2,673","2,713",-,-,"1,03%",
30.04.2018,OX,9 let,"2,770","2,800",-,-,"1,27%",
30.04.2018,OX,10 let,"2,850","2,880",-,-,"1,42%",
30.04.2018,OX,12 let,"2,990","3,020",-,-,"1,18%",
30.04.2018,OX,15 let,"3,160","3,190",-,-,"2,09%",
30.04.2018,OX,20 let,"3,200","3,230",-,-,"1,74%",
30.03.2018,OX,1 rok,"1,675","1,775",-,-,"0,00%",
30.03.2018,OX,2 roky,"1,860","1,900",-,-,"-0,27%",
30.03.2018,OX,3 roky,"2,040","2,070",-,-,"-0,48%",
30.03.2018,OX,4 roky,"2,210","2,240",-,-,"-0,67%",
30.03.2018,OX,5 let,"2,360","2,390",-,-,"-0,42%",
30.03.2018,OX,6 let,"2,480","2,520",-,-,"-0,40%",
30.03.2018,OX,7 let,"2,590","2,620",-,-,"-0,19%",
30.03.2018,OX,8 let,"2,680","2,720",-,-,"-0,18%",
30.03.2018,OX,9 let,"2,770","2,800",-,-,"-0,36%",
30.03.2018,OX,10 let,"2,850","2,890",-,-,"-0,17%",
30.03.2018,OX,12 let,"2,990","3,030",-,-,"0,13%",
30.03.2018,OX,15 let,"3,160","3,200",-,-,"0,68%",
30.03.2018,OX,20 let,"3,200","3,240",-,-,"-0,72%",
28.02.2018,OX,1 rok,"1,742","1,782",-,-,"-0,29%",
28.02.2018,OX,2 roky,"1,952","2,002",-,-,"-0,75%",
28.02.2018,OX,3 roky,"2,177","2,227",-,-,"-0,81%",
28.02.2018,OX,4 roky,"2,367","2,417",-,-,"-0,83%",
28.02.2018,OX,5 let,"2,517","2,567",-,-,"-0,78%",
28.02.2018,OX,6 let,"2,662","2,692",-,-,"-0,58%",
28.02.2018,OX,7 let,"2,764","2,794",-,-,"-0,30%",
28.02.2018,OX,8 let,"2,852","2,882",-,-,"-0,28%",
28.02.2018,OX,9 let,"2,931","2,961",-,-,"-0,47%",
28.02.2018,OX,10 let,"2,980","3,030",-,-,"-0,72%",
28.02.2018,OX,12 let,"3,137","3,167",-,-,"-0,33%",
28.02.2018,OX,15 let,"3,297","3,327",-,-,"-0,17%",
28.02.2018,OX,20 let,"3,340","3,370",-,-,"-0,37%",
31.01.2018,OX,1 rok,"1,758","1,798",-,-,"0,16%",
31.01.2018,OX,2 roky,"2,010","2,060",-,-,"-0,25%",
31.01.2018,OX,3 roky,"2,250","2,300",-,-,"-0,22%",
31.01.2018,OX,4 roky,"2,472","2,522",-,-,"-0,32%",
31.01.2018,OX,5 let,"2,650","2,700",-,-,"-0,19%",
31.01.2018,OX,6 let,"2,800","2,830",-,-,"-0,71%",
31.01.2018,OX,7 let,"2,895","2,925",-,-,"-0,68%",
31.01.2018,OX,8 let,"2,980","3,010",-,-,"-0,25%",
31.01.2018,OX,9 let,"3,055","3,085",-,-,"0,00%",
31.01.2018,OX,10 let,"3,097","3,147",-,-,"-0,16%",
31.01.2018,OX,12 let,"3,255","3,285",-,-,"-0,98%",
31.01.2018,OX,15 let,"3,385","3,415",-,-,"-0,44%",
31.01.2018,OX,20 let,"3,490","3,520",-,-,"-0,64%",
29.12.2017,OX,1 rok,"1,790","1,810",-,-,"0,11%",
29.12.2017,OX,2 roky,"2,020","2,040",-,-,"-0,59%",
29.12.2017,OX,3 roky,"2,200","2,220",-,-,"-0,50%",
29.12.2017,OX,4 roky,"2,360","2,380",-,-,"0,30%",
29.12.2017,OX,5 let,"2,490","2,510",-,-,"0,60%",
29.12.2017,OX,6 let,"2,600","2,620",-,-,"0,08%",
29.12.2017,OX,7 let,"2,695","2,715",-,-,"0,11%",
29.12.2017,OX,8 let,"2,780","2,800",-,-,"0,07%",
29.12.2017,OX,9 let,"2,860","2,880",-,-,"0,24%",
29.12.2017,OX,10 let,"2,935","2,955",-,-,"0,34%",
29.12.2017,OX,12 let,"3,053","3,083",-,-,"0,00%",
29.12.2017,OX,15 let,"3,203","3,233",-,-,"0,00%",
29.12.2017,OX,20 let,"3,245","3,275",-,-,"0,00%",
30.11.2017,OX,1 rok,"1,811","1,841",-,-,"0,49%",
30.11.2017,OX,2 roky,"2,073","2,103",-,-,"0,87%",
30.11.2017,OX,3 roky,"2,261","2,291",-,-,"1,49%",
30.11.2017,OX,4 roky,"2,423","2,453",-,-,"1,69%",
30.11.2017,OX,5 let,"2,545","2,575",-,-,"0,79%",
30.11.2017,OX,6 let,"2,673","2,703",-,-,"1,43%",
30.11.2017,OX,7 let,"2,774","2,804",-,-,"1,42%",
30.11.2017,OX,8 let,"2,860","2,890",-,-,"1,41%",
30.11.2017,OX,9 let,"2,938","2,968",-,-,"1,30%",
30.11.2017,OX,10 let,"3,012","3,042",-,-,"1,41%",
30.11.2017,OX,12 let,"3,140","3,170",-,-,"1,28%",
30.11.2017,OX,15 let,"3,297","3,327",-,-,"2,06%",
30.11.2017,OX,20 let,"3,331","3,361",-,-,"-0,12%",
31.10.2017,OX,1 rok,"1,797","1,837",-,-,"0,28%",
31.10.2017,OX,2 roky,"2,012","2,062",-,-,"0,74%",
31.10.2017,OX,3 roky,"2,190","2,240",-,-,"0,68%",
31.10.2017,OX,4 roky,"2,350","2,400",-,-,"0,63%",
31.10.2017,OX,5 let,"2,495","2,545",-,-,"0,60%",
31.10.2017,OX,6 let,"2,640","2,680",-,-,"0,82%",
31.10.2017,OX,7 let,"2,745","2,785",-,-,"0,88%",
31.10.2017,OX,8 let,"2,835","2,875",-,-,"0,72%",
31.10.2017,OX,9 let,"2,918","2,958",-,-,"0,61%",
31.10.2017,OX,10 let,"2,970","3,020",-,-,"0,33%",
31.10.2017,OX,12 let,"3,115","3,155",-,-,"-0,11%",
31.10.2017,OX,15 let,"3,330","3,360",-,-,"1,33%",
31.10.2017,OX,20 let,"3,354","3,454",-,-,"0,52%",
29.09.2017,OX,1 rok,"1,780","1,820",-,-,"0,56%",
29.09.2017,OX,2 roky,"1,960","2,010",-,-,"3,12%",
29.09.2017,OX,3 roky,"2,110","2,160",-,-,"0,00%",
29.09.2017,OX,4 roky,"2,270","2,320",-,-,"1,32%",
29.09.2017,OX,5 let,"2,410","2,460",-,-,"1,25%",
29.09.2017,OX,6 let,"2,545","2,585",-,-,"0,79%",
29.09.2017,OX,7 let,"2,648","2,688",-,-,"0,85%",
29.09.2017,OX,8 let,"2,740","2,780",-,-,"0,91%",
29.09.2017,OX,9 let,"2,825","2,865",-,-,"0,85%",
29.09.2017,OX,10 let,"2,877","2,927",-,-,"1,04%",
29.09.2017,OX,12 let,"3,045","3,085",-,-,"0,87%",
29.09.2017,OX,15 let,"3,205","3,245",-,-,"0,75%",
29.09.2017,OX,20 let,"3,255","3,295",-,-,"-0,41%",
31.08.2017,OX,1 rok,"1,740","1,780",-,-,"-0,62%",
31.08.2017,OX,2 roky,"1,880","1,930",-,-,"-0,72%",
31.08.2017,OX,3 roky,"2,007","2,057",-,-,"-0,25%",
31.08.2017,OX,4 roky,"2,135","2,185",-,-,"-0,33%",
31.08.2017,OX,5 let,"2,250","2,300",-,-,"-0,65%",
31.08.2017,OX,6 let,"2,385","2,425",-,-,"-0,08%",
31.08.2017,OX,7 let,"2,483","2,523",-,-,"-0,02%",
31.08.2017,OX,8 let,"2,570","2,610",-,-,"0,04%",
31.08.2017,OX,9 let,"2,653","2,693",-,-,"-0,09%",
31.08.2017,OX,10 let,"2,700","2,750",-,-,"-0,55%",
31.08.2017,OX,12 let,"2,878","2,918",-,-,"0,02%",
31.08.2017,OX,15 let,"3,012","3,082",-,-,"-0,28%",
31.08.2017,OX,20 let,"3,100","3,170",-,-,"0,86%",
31.07.2017,OX,1 rok,"1,770","1,810",-,-,"1,02%",
31.07.2017,OX,2 roky,"1,940","1,990",-,-,"0,41%",
31.07.2017,OX,3 roky,"2,112","2,142",-,-,"1,77%",
31.07.2017,OX,4 roky,"2,250","2,300",-,-,"1,34%",
31.07.2017,OX,5 let,"2,395","2,445",-,-,"1,47%",
31.07.2017,OX,6 let,"2,538","2,568",-,-,"1,31%",
31.07.2017,OX,7 let,"2,643","2,673",-,-,"1,45%",
31.07.2017,OX,8 let,"2,737","2,767",-,-,"1,55%",
31.07.2017,OX,9 let,"2,823","2,853",-,-,"1,63%",
31.07.2017,OX,10 let,"2,872","2,922",-,-,"1,47%",
31.07.2017,OX,12 let,"3,043","3,073",-,-,"2,02%",
31.07.2017,OX,15 let,"3,198","3,228",-,-,"1,05%",
31.07.2017,OX,20 let,"3,229","3,259",-,-,"-0,63%",
30.06.2017,OX,1 rok,"1,750","1,790",-,-,"-0,28%",
30.06.2017,OX,2 roky,"1,895","1,945",-,-,"-0,77%",
30.06.2017,OX,3 roky,"2,027","2,077",-,-,"-0,24%",
30.06.2017,OX,4 roky,"2,185","2,235",-,-,"0,00%",
30.06.2017,OX,5 let,"2,325","2,375",-,-,"0,00%",
30.06.2017,OX,6 let,"2,447","2,497",-,-,"-0,12%",
30.06.2017,OX,7 let,"2,540","2,570",-,-,"0,20%",
30.06.2017,OX,8 let,"2,630","2,660",-,-,"0,19%",
30.06.2017,OX,9 let,"2,700","2,730",-,-,"-0,37%",
30.06.2017,OX,10 let,"2,765","2,815",-,-,"0,00%",
30.06.2017,OX,12 let,"2,945","2,985",-,-,"0,17%",
30.06.2017,OX,15 let,"3,095","3,135",-,-,"-0,19%",
30.06.2017,OX,20 let,"3,145","3,185",-,-,"-0,78%",
31.05.2017,OX,1 rok,"1,745","1,775",-,-,"-0,28%",
31.05.2017,OX,2 roky,"1,845","1,895",-,-,"-1,06%",
31.05.2017,OX,3 roky,"1,945","1,995",-,-,"-1,60%",
31.05.2017,OX,4 roky,"2,095","2,145",-,-,"-1,85%",
31.05.2017,OX,5 let,"2,222","2,272",-,-,"-2,09%",
31.05.2017,OX,6 let,"2,353","2,383",-,-,"-2,49%",
31.05.2017,OX,7 let,"2,445","2,475",-,-,"-2,19%",
31.05.2017,OX,8 let,"2,540","2,570",-,-,"-1,92%",
31.05.2017,OX,9 let,"2,620","2,650",-,-,"-1,94%",
31.05.2017,OX,10 let,"2,677","2,727",-,-,"-1,92%",
31.05.2017,OX,12 let,"2,843","2,883",-,-,"-1,67%",
31.05.2017,OX,15 let,"2,993","3,033",-,-,"-2,06%",
31.05.2017,OX,20 let,"3,043","3,083",-,-,"-3,27%",
28.04.2017,OX,1 rok,"1,755","1,795",-,-,"0,29%",
28.04.2017,OX,2 roky,"1,945","1,995",-,-,"0,38%",
28.04.2017,OX,3 roky,"2,111","2,161",-,-,"0,83%",
28.04.2017,OX,4 roky,"2,276","2,326",-,-,"1,21%",
28.04.2017,OX,5 let,"2,410","2,460",-,-,"1,42%",
28.04.2017,OX,6 let,"2,490","2,560",-,-,"1,20%",
28.04.2017,OX,7 let,"2,585","2,655",-,-,"1,16%",
28.04.2017,OX,8 let,"2,670","2,740",-,-,"1,12%",
28.04.2017,OX,9 let,"2,746","2,816",-,-,"1,04%",
28.04.2017,OX,10 let,"2,848","2,898",-,-,"0,93%",
28.04.2017,OX,12 let,"2,985","3,025",-,-,"0,93%",
28.04.2017,OX,15 let,"3,135","3,175",-,-,"0,56%",
28.04.2017,OX,20 let,"3,185","3,225",-,-,"-0,54%",
31.03.2017,OX,1 rok,"1,723","1,793",-,-,"-0,23%",
31.03.2017,OX,2 roky,"1,885","1,925",-,-,"-1,68%",
31.03.2017,OX,3 roky,"2,035","2,075",-,-,"-1,56%",
31.03.2017,OX,4 roky,"2,200","2,230",-,-,"-1,45%",
31.03.2017,OX,5 let,"2,350","2,380",-,-,"-0,84%",
31.03.2017,OX,6 let,"2,480","2,510",-,-,"0,00%",
31.03.2017,OX,7 let,"2,570","2,600",-,-,"-0,39%",
31.03.2017,OX,8 let,"2,629","2,699",-,-,"-0,43%",
31.03.2017,OX,9 let,"2,707","2,777",-,-,"-0,64%",
31.03.2017,OX,10 let,"2,820","2,850",-,-,"0,09%",
31.03.2017,OX,12 let,"2,953","2,993",-,-,"-0,50%",
31.03.2017,OX,15 let,"3,108","3,148",-,-,"-0,48%",
31.03.2017,OX,20 let,"3,180","3,220",-,-,"0,87%",
28.02.2017,OX,1 rok,"1,765","1,795",-,-,"0,00%",
28.02.2017,OX,2 roky,"1,980","2,010",-,-,"0,50%",
28.02.2017,OX,3 roky,"2,172","2,202",-,-,"-0,25%",
28.02.2017,OX,4 roky,"2,348","2,378",-,-,"0,77%",
28.02.2017,OX,5 let,"2,490","2,520",-,-,"0,40%",
28.02.2017,OX,6 let,"2,611","2,641",-,-,"0,42%",
28.02.2017,OX,7 let,"2,708","2,738",-,-,"0,67%",
28.02.2017,OX,8 let,"2,792","2,822",-,-,"0,57%",
28.02.2017,OX,9 let,"2,873","2,903",-,-,"0,45%",
28.02.2017,OX,10 let,"2,958","3,008",-,-,"0,47%",
28.02.2017,OX,12 let,"3,103","3,133",-,-,"0,51%",
28.02.2017,OX,15 let,"3,265","3,295",-,-,"0,93%",
28.02.2017,OX,20 let,"3,320","3,350",-,-,"0,38%",
31.01.2017,OX,1 rok,"1,770","1,810",-,-,"0,27%",
31.01.2017,OX,2 roky,"2,027","2,057",-,-,"0,84%",
31.01.2017,OX,3 roky,"2,238","2,288",-,-,"1,23%",
31.01.2017,OX,4 roky,"2,418","2,458",-,-,"0,27%",
31.01.2017,OX,5 let,"2,578","2,618",-,-,"0,68%",
31.01.2017,OX,6 let,"2,708","2,748",-,-,"0,50%",
31.01.2017,OX,7 let,"2,815","2,855",-,-,"0,43%",
31.01.2017,OX,8 let,"2,910","2,950",-,-,"0,34%",
31.01.2017,OX,9 let,"2,998","3,038",-,-,"0,35%",
31.01.2017,OX,10 let,"3,080","3,120",-,-,"0,32%",
31.01.2017,OX,12 let,"3,218","3,258",-,-,"0,12%",
31.01.2017,OX,15 let,"3,385","3,415",-,-,"0,15%",
31.01.2017,OX,20 let,"3,425","3,455",-,-,"0,20%",
30.12.2016,OX,1 rok,"1,740","1,780",-,-,"-0,28%",
30.12.2016,OX,2 roky,"1,910","1,940",-,-,"0,79%",
30.12.2016,OX,3 roky,"2,030","2,080",-,-,"0,99%",
30.12.2016,OX,4 roky,"2,175","2,225",-,-,"1,15%",
30.12.2016,OX,5 let,"2,325","2,365",-,-,"1,08%",
30.12.2016,OX,6 let,"2,455","2,495",-,-,"1,23%",
30.12.2016,OX,7 let,"2,573","2,613",-,-,"1,23%",
30.12.2016,OX,8 let,"2,673","2,713",-,-,"1,03%",
30.12.2016,OX,9 let,"2,765","2,805",-,-,"1,20%",
30.12.2016,OX,10 let,"2,855","2,895",-,-,"1,34%",
30.12.2016,OX,12 let,"3,015","3,055",-,-,"1,37%",
30.12.2016,OX,15 let,"3,165","3,205",-,-,"0,98%",
30.12.2016,OX,20 let,"3,195","3,235",-,-,"0,16%",
30.11.2016,OX,1 rok,"1,750","1,780",-,-,"0,56%",
30.11.2016,OX,2 roky,"1,908","1,958",-,-,"0,39%",
30.11.2016,OX,3 roky,"2,020","2,070",-,-,"0,49%",
30.11.2016,OX,4 roky,"2,160","2,210",-,-,"0,46%",
30.11.2016,OX,5 let,"2,325","2,355",-,-,"0,56%",
30.11.2016,OX,6 let,"2,453","2,483",-,-,"0,41%",
30.11.2016,OX,7 let,"2,565","2,595",-,-,"0,29%",
30.11.2016,OX,8 let,"2,660","2,690",-,-,"0,38%",
30.11.2016,OX,9 let,"2,750","2,780",-,-,"0,45%",
30.11.2016,OX,10 let,"2,840","2,870",-,-,"0,53%",
30.11.2016,OX,12 let,"2,990","3,020",-,-,"0,50%",
30.11.2016,OX,15 let,"3,150","3,180",-,-,"0,48%",
30.11.2016,OX,20 let,"3,180","3,210",-,-,"0,47%",
31.10.2016,OX,1 rok,"1,687","1,757",-,-,"-0,17%",
31.10.2016,OX,2 roky,"1,799","1,869",-,-,"-0,49%",
31.10.2016,OX,3 roky,"1,880","1,920",-,-,"-0,26%",
31.10.2016,OX,4 roky,"1,990","2,020",-,-,"-0,50%",
31.10.2016,OX,5 let,"2,100","2,140",-,-,"-0,47%",
31.10.2016,OX,6 let,"2,200","2,240",-,-,"-0,67%",
31.10.2016,OX,7 let,"2,300","2,340",-,-,"-0,34%",
31.10.2016,OX,8 let,"2,380","2,420",-,-,"-0,46%",
31.10.2016,OX,9 let,"2,450","2,490",-,-,"-0,60%",
31.10.2016,OX,10 let,"2,520","2,560",-,-,"-0,39%",
31.10.2016,OX,12 let,"2,650","2,690",-,-,"-0,41%",
31.10.2016,OX,15 let,"2,810","2,850",-,-,"-0,21%",
31.10.2016,OX,20 let,"2,840","2,880",-,-,"-0,83%",
30.09.2016,OX,1 rok,"1,645","1,685",-,-,"-1,19%",
30.09.2016,OX,2 roky,"1,710","1,750",-,-,"-0,92%",
30.09.2016,OX,3 roky,"1,734","1,804",-,-,"-0,48%",
30.09.2016,OX,4 roky,"1,816","1,886",-,-,"-0,59%",
30.09.2016,OX,5 let,"1,906","1,976",-,-,"-0,46%",
30.09.2016,OX,6 let,"1,986","2,056",-,-,"-0,44%",
30.09.2016,OX,7 let,"2,059","2,129",-,-,"-0,19%",
30.09.2016,OX,8 let,"2,125","2,195",-,-,"-0,34%",
30.09.2016,OX,9 let,"2,185","2,255",-,-,"-0,22%",
30.09.2016,OX,10 let,"2,244","2,314",-,-,"-0,07%",
30.09.2016,OX,12 let,"2,371","2,441",-,-,"-0,21%",
30.09.2016,OX,15 let,"2,527","2,597",-,-,"-0,19%",
30.09.2016,OX,20 let,"2,606","2,676",-,-,"-0,19%",
31.08.2016,OX,1 rok,"1,600","1,640",-,-,"0,75%",
31.08.2016,OX,2 roky,"1,630","1,660",-,-,"1,23%",
31.08.2016,OX,3 roky,"1,625","1,675",-,-,"0,43%",
31.08.2016,OX,4 roky,"1,690","1,740",-,-,"0,36%",
31.08.2016,OX,5 let,"1,770","1,820",-,-,"0,28%",
31.08.2016,OX,6 let,"1,861","1,891",-,-,"0,37%",
31.08.2016,OX,7 let,"1,940","1,970",-,-,"0,57%",
31.08.2016,OX,8 let,"2,010","2,040",-,-,"0,50%",
31.08.2016,OX,9 let,"2,076","2,106",-,-,"0,38%",
31.08.2016,OX,10 let,"2,140","2,170",-,-,"0,33%",
31.08.2016,OX,12 let,"2,268","2,298",-,-,"0,35%",
31.08.2016,OX,15 let,"2,420","2,450",-,-,"0,29%",
31.08.2016,OX,20 let,"2,475","2,505",-,-,"0,28%",
29.07.2016,OX,1 rok,"1,655","1,685",-,-,"0,00%",
29.07.2016,OX,2 roky,"1,695","1,725",-,-,"-0,58%",
29.07.2016,OX,3 roky,"1,725","1,755",-,-,"-0,71%",
29.07.2016,OX,4 roky,"1,790","1,820",-,-,"-0,82%",
29.07.2016,OX,5 let,"1,870","1,900",-,-,"-1,05%",
29.07.2016,OX,6 let,"1,945","1,975",-,-,"-1,01%",
29.07.2016,OX,7 let,"2,013","2,043",-,-,"-0,98%",
29.07.2016,OX,8 let,"2,080","2,110",-,-,"-0,95%",
29.07.2016,OX,9 let,"2,145","2,175",-,-,"-0,80%",
29.07.2016,OX,10 let,"2,205","2,235",-,-,"-0,78%",
29.07.2016,OX,12 let,"2,343","2,373",-,-,"-0,74%",
29.07.2016,OX,15 let,"2,500","2,530",-,-,"-0,69%",
29.07.2016,OX,20 let,"2,530","2,560",-,-,"-0,68%",
30.06.2016,OX,1 rok,"1,580","1,620",-,-,"-1,23%",
30.06.2016,OX,2 roky,"1,573","1,623",-,-,"-0,78%",
30.06.2016,OX,3 roky,"1,597","1,647",-,-,"-1,10%",
30.06.2016,OX,4 roky,"1,680","1,730",-,-,"-1,72%",
30.06.2016,OX,5 let,"1,785","1,815",-,-,"-1,91%",
30.06.2016,OX,6 let,"1,880","1,910",-,-,"-1,81%",
30.06.2016,OX,7 let,"1,960","1,990",-,-,"-1,99%",
30.06.2016,OX,8 let,"2,030","2,060",-,-,"-2,15%",
30.06.2016,OX,9 let,"2,098","2,128",-,-,"-2,20%",
30.06.2016,OX,10 let,"2,152","2,202",-,-,"-2,25%",
30.06.2016,OX,12 let,"2,308","2,338",-,-,"-2,11%",
30.06.2016,OX,15 let,"2,458","2,488",-,-,"-1,98%",
30.06.2016,OX,20 let,"2,488","2,518",-,-,"-1,96%",
31.05.2016,OX,1 rok,"1,610","1,650",-,-,"0,31%",
31.05.2016,OX,2 roky,"1,645","1,695",-,-,"-0,74%",
31.05.2016,OX,3 roky,"1,695","1,745",-,-,"0,29%",
31.05.2016,OX,4 roky,"1,810","1,860",-,-,"0,71%",
31.05.2016,OX,5 let,"1,935","1,985",-,-,"0,77%",
31.05.2016,OX,6 let,"2,058","2,088",-,-,"0,00%",
31.05.2016,OX,7 let,"2,150","2,180",-,-,"0,00%",
31.05.2016,OX,8 let,"2,233","2,263",-,-,"-0,11%",
31.05.2016,OX,9 let,"2,310","2,340",-,-,"-0,21%",
31.05.2016,OX,10 let,"2,372","2,422",-,-,"0,51%",
31.05.2016,OX,12 let,"2,518","2,548",-,-,"-0,30%",
31.05.2016,OX,15 let,"2,673","2,703",-,-,"-0,28%",
31.05.2016,OX,20 let,"2,703","2,733",-,-,"-0,28%",
29.04.2016,OX,1 rok,"1,555","1,595",-,-,"-0,31%",
29.04.2016,OX,2 roky,"1,595","1,645",-,-,"0,30%",
29.04.2016,OX,3 roky,"1,657","1,707",-,-,"0,72%",
29.04.2016,OX,4 roky,"1,780","1,830",-,-,"1,13%",
29.04.2016,OX,5 let,"1,895","1,945",-,-,"1,05%",
29.04.2016,OX,6 let,"1,996","2,066",-,-,"0,29%",
29.04.2016,OX,7 let,"2,091","2,161",-,-,"0,16%",
29.04.2016,OX,8 let,"2,181","2,251",-,-,"0,15%",
29.04.2016,OX,9 let,"2,269","2,339",-,-,"0,26%",
29.04.2016,OX,10 let,"2,360","2,410",-,-,"0,84%",
29.04.2016,OX,12 let,"2,489","2,559",-,-,"0,54%",
29.04.2016,OX,15 let,"2,649","2,719",-,-,"0,69%",
29.04.2016,OX,20 let,"2,709","2,779",-,-,"1,80%",
31.03.2016,OX,1 rok,"1,511","1,581",-,-,"0,06%",
31.03.2016,OX,2 roky,"1,516","1,586",-,-,"-0,58%",
31.03.2016,OX,3 roky,"1,553","1,623",-,-,"-0,54%",
31.03.2016,OX,4 roky,"1,649","1,719",-,-,"-0,38%",
31.03.2016,OX,5 let,"1,744","1,814",-,-,"-0,36%",
31.03.2016,OX,6 let,"1,838","1,908",-,-,"-0,48%",
31.03.2016,OX,7 let,"1,927","1,997",-,-,"-0,64%",
31.03.2016,OX,8 let,"2,014","2,084",-,-,"-0,68%",
31.03.2016,OX,9 let,"2,095","2,165",-,-,"-0,59%",
31.03.2016,OX,10 let,"2,176","2,246",-,-,"-0,41%",
31.03.2016,OX,12 let,"2,321","2,391",-,-,"0,04%",
31.03.2016,OX,15 let,"2,481","2,551",-,-,"0,24%",
31.03.2016,OX,20 let,"2,541","2,611",-,-,"1,42%",
29.02.2016,OX,1 rok,"1,470","1,500",-,-,"0,20%",
29.02.2016,OX,2 roky,"1,463","1,513",-,-,"0,00%",
29.02.2016,OX,3 roky,"1,520","1,550",-,-,"0,20%",
29.02.2016,OX,4 roky,"1,617","1,667",-,-,"0,12%",
29.02.2016,OX,5 let,"1,740","1,770",-,-,"0,00%",
29.02.2016,OX,6 let,"1,848","1,878",-,-,"0,13%",
29.02.2016,OX,7 let,"1,945","1,975",-,-,"0,38%",
29.02.2016,OX,8 let,"2,030","2,070",-,-,"0,61%",
29.02.2016,OX,9 let,"2,103","2,133",-,-,"0,00%",
29.02.2016,OX,10 let,"2,170","2,210",-,-,"-0,10%",
29.02.2016,OX,12 let,"2,300","2,340",-,-,"-0,54%",
29.02.2016,OX,15 let,"2,450","2,490",-,-,"-0,30%",
29.02.2016,OX,20 let,"2,480","2,520",-,-,"-0,30%",
29.01.2016,OX,1 rok,"1,520","1,560",-,-,"0,00%",
29.01.2016,OX,2 roky,"1,510","1,610",-,-,"-1,02%",
29.01.2016,OX,3 roky,"1,607","1,657",-,-,"-1,51%",
29.01.2016,OX,4 roky,"1,730","1,780",-,-,"-1,68%",
29.01.2016,OX,5 let,"1,850","1,900",-,-,"-1,83%",
29.01.2016,OX,6 let,"1,940","2,040",-,-,"-2,37%",
29.01.2016,OX,7 let,"2,050","2,150",-,-,"-2,33%",
29.01.2016,OX,8 let,"2,150","2,250",-,-,"-2,00%",
29.01.2016,OX,9 let,"2,240","2,340",-,-,"-1,86%",
29.01.2016,OX,10 let,"2,320","2,420",-,-,"-1,54%",
29.01.2016,OX,12 let,"2,500","2,600",-,-,"-0,48%",
29.01.2016,OX,15 let,"2,650","2,750",-,-,"-0,45%",
29.01.2016,OX,20 let,"2,720","2,820",-,-,"-0,71%",
31.12.2015,OX,1 rok,"1,555","1,595",-,-,"0,32%",
31.12.2015,OX,2 roky,"1,635","1,665",-,-,"0,15%",
31.12.2015,OX,3 roky,"1,715","1,765",-,-,"0,58%",
31.12.2015,OX,4 roky,"1,835","1,885",-,-,"0,54%",
31.12.2015,OX,5 let,"1,960","2,010",-,-,"0,51%",
31.12.2015,OX,6 let,"2,095","2,125",-,-,"0,24%",
31.12.2015,OX,7 let,"2,198","2,228",-,-,"0,23%",
31.12.2015,OX,8 let,"2,290","2,320",-,-,"0,22%",
31.12.2015,OX,9 let,"2,365","2,395",-,-,"0,21%",
31.12.2015,OX,10 let,"2,405","2,455",-,-,"-0,21%",
31.12.2015,OX,12 let,"2,560","2,600",-,-,"0,58%",
31.12.2015,OX,15 let,"2,690","2,730",-,-,"-0,18%",
31.12.2015,OX,20 let,"2,710","2,750",-,-,"-0,18%",
30.11.2015,OX,1 rok,"1,500","1,530",-,-,"0,00%",
30.11.2015,OX,2 roky,"1,480","1,520",-,-,"0,67%",
30.11.2015,OX,3 roky,"1,525","1,565",-,-,"1,31%",
30.11.2015,OX,4 roky,"1,615","1,655",-,-,"1,55%",
30.11.2015,OX,5 let,"1,725","1,765",-,-,"2,05%",
30.11.2015,OX,6 let,"1,840","1,880",-,-,"1,92%",
30.11.2015,OX,7 let,"1,953","1,993",-,-,"2,04%",
30.11.2015,OX,8 let,"2,058","2,098",-,-,"2,19%",
30.11.2015,OX,9 let,"2,148","2,188",-,-,"2,24%",
30.11.2015,OX,10 let,"2,220","2,260",-,-,"2,05%",
30.11.2015,OX,12 let,"2,308","2,348",-,-,"0,32%",
30.11.2015,OX,15 let,"2,398","2,438",-,-,"-0,43%",
30.11.2015,OX,20 let,"2,448","2,488",-,-,"0,59%",
30.10.2015,OX,1 rok,"1,530","1,570",-,-,"-0,32%",
30.10.2015,OX,2 roky,"1,504","1,554",-,-,"0,23%",
30.10.2015,OX,3 roky,"1,545","1,595",-,-,"-0,32%",
30.10.2015,OX,4 roky,"1,645","1,695",-,-,"-0,89%",
30.10.2015,OX,5 let,"1,770","1,810",-,-,"-1,10%",
30.10.2015,OX,6 let,"1,895","1,935",-,-,"-1,29%",
30.10.2015,OX,7 let,"2,018","2,058",-,-,"-1,45%",
30.10.2015,OX,8 let,"2,125","2,165",-,-,"-1,49%",
30.10.2015,OX,9 let,"2,210","2,250",-,-,"-1,44%",
30.10.2015,OX,10 let,"2,267","2,317",-,-,"-1,21%",
30.10.2015,OX,12 let,"2,370","2,410",-,-,"-1,24%",
30.10.2015,OX,15 let,"2,468","2,508",-,-,"-1,29%",
30.10.2015,OX,20 let,"2,478","2,518",-,-,"-1,28%",
30.09.2015,OX,1 rok,"1,610","1,640",-,-,"0,00%",
30.09.2015,OX,2 roky,"1,625","1,665",-,-,"-0,66%",
30.09.2015,OX,3 roky,"1,710","1,760",-,-,"-0,57%",
30.09.2015,OX,4 roky,"1,845","1,895",-,-,"0,00%",
30.09.2015,OX,5 let,"1,985","2,025",-,-,"0,00%",
30.09.2015,OX,6 let,"2,115","2,155",-,-,"-0,05%",
30.09.2015,OX,7 let,"2,230","2,270",-,-,"0,22%",
30.09.2015,OX,8 let,"2,328","2,368",-,-,"0,36%",
30.09.2015,OX,9 let,"2,405","2,445",-,-,"0,29%",
30.09.2015,OX,10 let,"2,455","2,505",-,-,"0,21%",
30.09.2015,OX,12 let,"2,518","2,558",-,-,"-1,57%",
30.09.2015,OX,15 let,"2,643","2,673",-,-,"-0,19%",
30.09.2015,OX,20 let,"2,653","2,693",-,-,"-0,21%",
31.08.2015,OX,1 rok,"1,640","1,670",-,-,"0,00%",
31.08.2015,OX,2 roky,"1,736","1,766",-,-,"-0,79%",
31.08.2015,OX,3 roky,"1,858","1,888",-,-,"-1,29%",
31.08.2015,OX,4 roky,"2,003","2,033",-,-,"-1,44%",
31.08.2015,OX,5 let,"2,146","2,176",-,-,"-1,32%",
31.08.2015,OX,6 let,"2,271","2,301",-,-,"-1,25%",
31.08.2015,OX,7 let,"2,378","2,408",-,-,"-1,22%",
31.08.2015,OX,8 let,"2,463","2,493",-,-,"-1,37%",
31.08.2015,OX,9 let,"2,534","2,564",-,-,"-1,39%",
31.08.2015,OX,10 let,"2,593","2,623",-,-,"-1,21%",
31.08.2015,OX,12 let,"2,675","2,705",-,-,"-0,28%",
31.08.2015,OX,15 let,"2,748","2,778",-,-,"-0,43%",
31.08.2015,OX,20 let,"2,768","2,798",-,-,"-1,75%",
31.07.2015,OX,1 rok,"1,657","1,697",-,-,"-0,59%",
31.07.2015,OX,2 roky,"1,795","1,845",-,-,"1,05%",
31.07.2015,OX,3 roky,"1,935","1,965",-,-,"1,83%",
31.07.2015,OX,4 roky,"2,072","2,122",-,-,"1,80%",
31.07.2015,OX,5 let,"2,220","2,250",-,-,"1,82%",
31.07.2015,OX,6 let,"2,330","2,380",-,-,"1,73%",
31.07.2015,OX,7 let,"2,435","2,485",-,-,"1,55%",
31.07.2015,OX,8 let,"2,522","2,572",-,-,"1,37%",
31.07.2015,OX,9 let,"2,597","2,647",-,-,"1,63%",
31.07.2015,OX,10 let,"2,657","2,707",-,-,"1,78%",
31.07.2015,OX,12 let,"2,753","2,793",-,-,"2,40%",
31.07.2015,OX,15 let,"2,818","2,858",-,-,"2,07%",
31.07.2015,OX,20 let,"2,880","2,920",-,-,"0,17%",
30.06.2015,OX,1 rok,"1,770","1,800",-,-,"0,56%",
30.06.2015,OX,2 roky,"1,998","2,048",-,-,"1,38%",
30.06.2015,OX,3 roky,"2,190","2,240",-,-,"1,84%",
30.06.2015,OX,4 roky,"2,375","2,425",-,-,"2,56%",
30.06.2015,OX,5 let,"2,540","2,590",-,-,"3,01%",
30.06.2015,OX,6 let,"2,675","2,715",-,-,"2,86%",
30.06.2015,OX,7 let,"2,790","2,830",-,-,"2,93%",
30.06.2015,OX,8 let,"2,883","2,923",-,-,"3,02%",
30.06.2015,OX,9 let,"2,950","2,990",-,-,"3,13%",
30.06.2015,OX,10 let,"3,000","3,050",-,-,"3,60%",
30.06.2015,OX,12 let,"3,080","3,120",-,-,"3,23%",
30.06.2015,OX,15 let,"3,150","3,190",-,-,"3,49%",
30.06.2015,OX,20 let,"3,203","3,243",-,-,"3,04%",
29.05.2015,OX,1 rok,"1,710","1,740",-,-,"0,00%",
29.05.2015,OX,2 roky,"1,860","1,910",-,-,"0,00%",
29.05.2015,OX,3 roky,"1,995","2,045",-,-,"-0,50%",
29.05.2015,OX,4 roky,"2,155","2,195",-,-,"-0,91%",
29.05.2015,OX,5 let,"2,300","2,340",-,-,"-1,49%",
29.05.2015,OX,6 let,"2,425","2,465",-,-,"-1,41%",
29.05.2015,OX,7 let,"2,520","2,560",-,-,"-1,36%",
29.05.2015,OX,8 let,"2,590","2,630",-,-,"-1,32%",
29.05.2015,OX,9 let,"2,648","2,688",-,-,"-1,30%",
29.05.2015,OX,10 let,"2,695","2,745",-,-,"-1,27%",
29.05.2015,OX,12 let,"2,770","2,810",-,-,"-1,24%",
29.05.2015,OX,15 let,"2,835","2,875",-,-,"-1,21%",
29.05.2015,OX,20 let,"2,835","2,875",-,-,"-1,21%",
30.04.2015,OX,1 rok,"1,630","1,660",-,-,"0,24%",
30.04.2015,OX,2 roky,"1,738","1,788",-,-,"1,23%",
30.04.2015,OX,3 roky,"1,850","1,900",-,-,"1,63%",
30.04.2015,OX,4 roky,"1,958","2,008",-,-,"2,32%",
30.04.2015,OX,5 let,"2,045","2,095",-,-,"2,49%",
30.04.2015,OX,6 let,"2,162","2,212",-,-,"4,64%",
30.04.2015,OX,7 let,"2,222","2,272",-,-,"4,51%",
30.04.2015,OX,8 let,"2,272","2,322",-,-,"4,41%",
30.04.2015,OX,9 let,"2,317","2,367",-,-,"4,55%",
30.04.2015,OX,10 let,"2,320","2,370",-,-,"2,85%",
30.04.2015,OX,12 let,"2,430","2,470",-,-,"4,26%",
30.04.2015,OX,15 let,"2,503","2,543",-,-,"3,81%",
30.04.2015,OX,20 let,"2,503","2,543",-,-,"4,13%",
31.03.2015,OX,1 rok,"1,550","1,590",-,-,"-0,32%",
31.03.2015,OX,2 roky,"1,590","1,640",-,-,"-0,31%",
31.03.2015,OX,3 roky,"1,660","1,710",-,-,"-0,88%",
31.03.2015,OX,4 roky,"1,748","1,798",-,-,"-0,95%",
31.03.2015,OX,5 let,"1,830","1,870",-,-,"-1,06%",
31.03.2015,OX,6 let,"1,900","1,940",-,-,"-0,78%",
31.03.2015,OX,7 let,"1,950","1,990",-,-,"-0,88%",
31.03.2015,OX,8 let,"1,990","2,030",-,-,"-1,23%",
31.03.2015,OX,9 let,"2,030","2,070",-,-,"-1,09%",
31.03.2015,OX,10 let,"2,060","2,100",-,-,"-0,95%",
31.03.2015,OX,12 let,"2,130","2,170",-,-,"0,23%",
31.03.2015,OX,15 let,"2,200","2,240",-,-,"-0,34%",
31.03.2015,OX,20 let,"2,200","2,240",-,-,"-0,56%",
27.02.2015,OX,1 rok,"1,580","1,610",-,-,"-0,62%",
27.02.2015,OX,2 roky,"1,604","1,654",-,-,"-0,40%",
27.02.2015,OX,3 roky,"1,625","1,675",-,-,"-0,60%",
27.02.2015,OX,4 roky,"1,665","1,715",-,-,"-1,18%",
27.02.2015,OX,5 let,"1,710","1,760",-,-,"-1,43%",
27.02.2015,OX,6 let,"1,760","1,810",-,-,"-1,65%",
27.02.2015,OX,7 let,"1,810","1,860",-,-,"-1,71%",
27.02.2015,OX,8 let,"1,857","1,907",-,-,"-1,83%",
27.02.2015,OX,9 let,"1,905","1,955",-,-,"-1,78%",
27.02.2015,OX,10 let,"1,950","2,000",-,-,"-1,59%",
27.02.2015,OX,12 let,"2,040","2,080",-,-,"-1,32%",
27.02.2015,OX,15 let,"2,135","2,175",-,-,"-1,49%",
27.02.2015,OX,20 let,"2,140","2,180",-,-,"-1,37%",
30.01.2015,OX,1 rok,"1,565","1,595",-,-,"-0,94%",
30.01.2015,OX,2 roky,"1,535","1,585",-,-,"0,64%",
30.01.2015,OX,3 roky,"1,515","1,565",-,-,"0,33%",
30.01.2015,OX,4 roky,"1,535","1,585",-,-,"0,65%",
30.01.2015,OX,5 let,"1,562","1,612",-,-,"0,96%",
30.01.2015,OX,6 let,"1,602","1,652",-,-,"0,74%",
30.01.2015,OX,7 let,"1,647","1,697",-,-,"0,57%",
30.01.2015,OX,8 let,"1,697","1,747",-,-,"0,55%",
30.01.2015,OX,9 let,"1,747","1,797",-,-,"0,68%",
30.01.2015,OX,10 let,"1,792","1,842",-,-,"0,67%",
30.01.2015,OX,12 let,"1,870","1,910",-,-,"0,53%",
30.01.2015,OX,15 let,"2,003","2,043",-,-,"0,62%",
30.01.2015,OX,20 let,"2,008","2,048",-,-,"0,62%",
31.12.2014,OX,1 rok,"1,760","1,790",-,-,"0,00%",
31.12.2014,OX,2 roky,"1,745","1,795",-,-,"0,28%",
31.12.2014,OX,3 roky,"1,775","1,825",-,-,"-0,27%",
31.12.2014,OX,4 roky,"1,840","1,890",-,-,"-0,26%",
31.12.2014,OX,5 let,"1,910","1,960",-,-,"0,26%",
31.12.2014,OX,6 let,"1,990","2,020",-,-,"0,25%",
31.12.2014,OX,7 let,"2,053","2,083",-,-,"0,15%",
31.12.2014,OX,8 let,"2,107","2,138",-,-,"0,35%",
31.12.2014,OX,9 let,"2,155","2,185",-,-,"0,23%",
31.12.2014,OX,10 let,"2,200","2,230",-,-,"0,23%",
31.12.2014,OX,12 let,"2,300","2,330",-,-,"0,22%",
31.12.2014,OX,15 let,"2,420","2,450",-,-,"0,21%",
31.12.2014,OX,20 let,"2,425","2,455",-,-,"0,21%",
28.11.2014,OX,1 rok,"1,770","1,800",-,-,"0,00%",
28.11.2014,OX,2 roky,"1,753","1,783",-,-,"0,03%",
28.11.2014,OX,3 roky,"1,773","1,803",-,-,"0,03%",
28.11.2014,OX,4 roky,"1,814","1,844",-,-,"-0,33%",
28.11.2014,OX,5 let,"1,873","1,903",-,-,"-0,63%",
28.11.2014,OX,6 let,"1,936","1,966",-,-,"-0,84%",
28.11.2014,OX,7 let,"2,006","2,036",-,-,"-0,69%",
28.11.2014,OX,8 let,"2,076","2,106",-,-,"-0,67%",
28.11.2014,OX,9 let,"2,140","2,170",-,-,"-0,69%",
28.11.2014,OX,10 let,"2,200","2,230",-,-,"-1,12%",
28.11.2014,OX,12 let,"2,318","2,348",-,-,"-1,14%",
28.11.2014,OX,15 let,"2,438","2,468",-,-,"-1,09%",
28.11.2014,OX,20 let,"2,455","2,485",-,-,"-0,40%",
31.10.2014,OX,1 rok,"1,655","1,685",-,-,"-0,89%",
31.10.2014,OX,2 roky,"1,700","1,740",-,-,"-0,72%",
31.10.2014,OX,3 roky,"1,745","1,795",-,-,"-0,83%",
31.10.2014,OX,4 roky,"1,827","1,877",-,-,"-1,22%",
31.10.2014,OX,5 let,"1,930","1,970",-,-,"-1,02%",
31.10.2014,OX,6 let,"2,025","2,065",-,-,"-1,09%",
31.10.2014,OX,7 let,"2,115","2,155",-,-,"-1,16%",
31.10.2014,OX,8 let,"2,200","2,240",-,-,"-1,22%",
31.10.2014,OX,9 let,"2,280","2,320",-,-,"-1,18%",
31.10.2014,OX,10 let,"2,355","2,405",-,-,"-0,83%",
31.10.2014,OX,12 let,"2,490","2,530",-,-,"-0,40%",
31.10.2014,OX,15 let,"2,620","2,660",-,-,"0,00%",
31.10.2014,OX,20 let,"2,645","2,685",-,-,"0,57%",
30.09.2014,OX,1 rok,"1,930","1,960",-,-,"0,78%",
30.09.2014,OX,2 roky,"2,000","2,050",-,-,"1,25%",
30.09.2014,OX,3 roky,"2,065","2,115",-,-,"0,97%",
30.09.2014,OX,4 roky,"2,170","2,220",-,-,"0,69%",
30.09.2014,OX,5 let,"2,290","2,340",-,-,"0,65%",
30.09.2014,OX,6 let,"2,415","2,455",-,-,"1,04%",
30.09.2014,OX,7 let,"2,525","2,565",-,-,"1,19%",
30.09.2014,OX,8 let,"2,630","2,670",-,-,"1,15%",
30.09.2014,OX,9 let,"2,725","2,765",-,-,"0,73%",
30.09.2014,OX,10 let,"2,810","2,860",-,-,"0,71%",
30.09.2014,OX,12 let,"2,950","2,990",-,-,"1,02%",
30.09.2014,OX,15 let,"3,050","3,090",-,-,"0,16%",
30.09.2014,OX,20 let,"3,080","3,120",-,-,"0,81%",
29.08.2014,OX,1 rok,"2,195","2,225",-,-,"-0,23%",
29.08.2014,OX,2 roky,"2,220","2,280",-,-,"0,22%",
29.08.2014,OX,3 roky,"2,280","2,340",-,-,"1,09%",
29.08.2014,OX,4 roky,"2,365","2,425",-,-,"1,91%",
29.08.2014,OX,5 let,"2,470","2,530",-,-,"1,83%",
29.08.2014,OX,6 let,"2,565","2,625",-,-,"1,57%",
29.08.2014,OX,7 let,"2,655","2,715",-,-,"1,51%",
29.08.2014,OX,8 let,"2,740","2,800",-,-,"1,47%",
29.08.2014,OX,9 let,"2,815","2,875",-,-,"1,43%",
29.08.2014,OX,10 let,"2,880","2,940",-,-,"1,57%",
29.08.2014,OX,12 let,"2,995","3,055",-,-,"1,68%",
29.08.2014,OX,15 let,"3,120","3,180",-,-,"1,29%",
29.08.2014,OX,20 let,"3,130","3,190",-,-,"0,16%",
31.07.2014,OX,1 rok,"2,420","2,440",-,-,"0,62%",
31.07.2014,OX,2 roky,"2,430","2,490",-,-,"0,72%",
31.07.2014,OX,3 roky,"2,500","2,560",-,-,"1,61%",
31.07.2014,OX,4 roky,"2,610","2,660",-,-,"1,93%",
31.07.2014,OX,5 let,"2,725","2,775",-,-,"2,04%",
31.07.2014,OX,6 let,"2,820","2,880",-,-,"1,97%",
31.07.2014,OX,7 let,"2,920","2,980",-,-,"2,08%",
31.07.2014,OX,8 let,"2,990","3,050",-,-,"1,51%",
31.07.2014,OX,9 let,"3,060","3,120",-,-,"1,31%",
31.07.2014,OX,10 let,"3,145","3,195",-,-,"1,60%",
31.07.2014,OX,12 let,"3,260","3,320",-,-,"1,86%",
31.07.2014,OX,15 let,"3,365","3,425",-,-,"1,80%",
31.07.2014,OX,20 let,"3,375","3,435",-,-,"1,79%",
30.06.2014,OX,1 rok,"2,430","2,460",-,-,"-0,20%",
30.06.2014,OX,2 roky,"2,493","2,543",-,-,"0,70%",
30.06.2014,OX,3 roky,"2,600","2,650",-,-,"0,76%",
30.06.2014,OX,4 roky,"2,760","2,810",-,-,"0,72%",
30.06.2014,OX,5 let,"2,910","2,960",-,-,"0,68%",
30.06.2014,OX,6 let,"3,020","3,060",-,-,"-0,33%",
30.06.2014,OX,7 let,"3,155","3,185",-,-,"0,79%",
30.06.2014,OX,8 let,"3,200","3,240",-,-,"0,00%",
30.06.2014,OX,9 let,"3,280","3,320",-,-,"0,30%",
30.06.2014,OX,10 let,"3,340","3,390",-,-,"0,45%",
30.06.2014,OX,12 let,"3,430","3,490",-,-,"0,73%",
30.06.2014,OX,15 let,"3,510","3,570",-,-,"0,28%",
30.06.2014,OX,20 let,"3,510","3,570",-,-,"0,00%",
30.05.2014,OX,1 rok,"2,650","2,680",-,-,"-0,37%",
30.05.2014,OX,2 roky,"2,735","2,795",-,-,"-0,63%",
30.05.2014,OX,3 roky,"2,895","2,945",-,-,"-0,17%",
30.05.2014,OX,4 roky,"3,050","3,110",-,-,"0,00%",
30.05.2014,OX,5 let,"3,185","3,245",-,-,"-0,16%",
30.05.2014,OX,6 let,"3,295","3,355",-,-,"-0,15%",
30.05.2014,OX,7 let,"3,380","3,440",-,-,"0,00%",
30.05.2014,OX,8 let,"3,455","3,515",-,-,"-0,14%",
30.05.2014,OX,9 let,"3,520","3,580",-,-,"-0,14%",
30.05.2014,OX,10 let,"3,575","3,635",-,-,"-0,69%",
30.05.2014,OX,12 let,"3,655","3,715",-,-,"-0,14%",
30.05.2014,OX,15 let,"3,730","3,790",-,-,"0,00%",
30.05.2014,OX,20 let,"3,730","3,790",-,-,"0,00%",
30.04.2014,OX,1 rok,"2,760","2,790",-,-,"0,00%",
30.04.2014,OX,2 roky,"2,968","3,018",-,-,"-0,17%",
30.04.2014,OX,3 roky,"3,170","3,220",-,-,"-0,31%",
30.04.2014,OX,4 roky,"3,360","3,410",-,-,"-0,29%",
30.04.2014,OX,5 let,"3,510","3,560",-,-,"-0,28%",
30.04.2014,OX,6 let,"3,620","3,680",-,-,"-0,54%",
30.04.2014,OX,7 let,"3,730","3,770",-,-,"-0,27%",
30.04.2014,OX,8 let,"3,790","3,850",-,-,"0,00%",
30.04.2014,OX,9 let,"3,850","3,910",-,-,"-0,26%",
30.04.2014,OX,10 let,"3,925","3,975",-,-,"-0,25%",
30.04.2014,OX,12 let,"4,035","4,085",-,-,"0,30%",
30.04.2014,OX,15 let,"4,060","4,150",-,-,"-0,44%",
30.04.2014,OX,20 let,"4,070","4,130",-,-,"-0,19%",
28.03.2014,OX,1 rok,"2,745","2,775",-,-,"0,00%",
28.03.2014,OX,2 roky,"3,000","3,050",-,-,"0,00%",
28.03.2014,OX,3 roky,"3,205","3,255",-,-,"0,00%",
28.03.2014,OX,4 roky,"3,380","3,470",-,-,"-0,29%",
28.03.2014,OX,5 let,"3,540","3,630",-,-,"-0,69%",
28.03.2014,OX,6 let,"3,670","3,730",-,-,"-0,67%",
28.03.2014,OX,7 let,"3,760","3,850",-,-,"-0,52%",
28.03.2014,OX,8 let,"3,830","3,920",-,-,"-0,64%",
28.03.2014,OX,9 let,"3,890","3,980",-,-,"-0,76%",
28.03.2014,OX,10 let,"3,940","4,030",-,-,"-0,38%",
28.03.2014,OX,12 let,"4,040","4,100",-,-,"-0,73%",
28.03.2014,OX,15 let,"4,120","4,170",-,-,"0,36%",
28.03.2014,OX,20 let,"4,050","4,120",-,-,"-0,24%",
28.02.2014,OX,1 rok,"2,780","2,810",-,-,"0,00%",
28.02.2014,OX,2 roky,"3,015","3,045",-,-,"-1,46%",
28.02.2014,OX,3 roky,"3,230","3,320",-,-,"-0,61%",
28.02.2014,OX,4 roky,"3,450","3,500",-,-,"-0,86%",
28.02.2014,OX,5 let,"3,600","3,660",-,-,"-1,09%",
28.02.2014,OX,6 let,"3,730","3,780",-,-,"-1,44%",
28.02.2014,OX,7 let,"3,855","3,905",-,-,"-1,02%",
28.02.2014,OX,8 let,"3,945","3,995",-,-,"-0,87%",
28.02.2014,OX,9 let,"4,015","4,065",-,-,"-0,86%",
28.02.2014,OX,10 let,"4,065","4,115",-,-,"-0,97%",
28.02.2014,OX,12 let,"4,110","4,160",-,-,"-1,55%",
28.02.2014,OX,15 let,"4,160","4,210",-,-,"-1,30%",
28.02.2014,OX,20 let,"4,060","4,110",-,-,"-2,04%",
31.01.2014,OX,1 rok,"2,810","2,840",-,-,"0,00%",
31.01.2014,OX,2 roky,"3,210","3,270",-,-,"1,57%",
31.01.2014,OX,3 roky,"3,530","3,590",-,-,"3,49%",
31.01.2014,OX,4 roky,"3,785","3,815",-,-,"3,54%",
31.01.2014,OX,5 let,"3,950","4,010",-,-,"3,51%",
31.01.2014,OX,6 let,"4,080","4,140",-,-,"3,40%",
31.01.2014,OX,7 let,"4,180","4,240",-,-,"3,19%",
31.01.2014,OX,8 let,"4,260","4,320",-,-,"3,00%",
31.01.2014,OX,9 let,"4,330","4,380",-,-,"2,83%",
31.01.2014,OX,10 let,"4,380","4,430",-,-,"2,68%",
31.01.2014,OX,12 let,"4,460","4,510",-,-,"2,63%",
31.01.2014,OX,15 let,"4,490","4,550",-,-,"2,61%",
31.01.2014,OX,20 let,"4,430","4,490",-,-,"2,65%",
31.12.2013,OX,1 rok,"2,730","2,760",-,-,"0,37%",
31.12.2013,OX,2 roky,"2,968","3,018",-,-,"0,08%",
31.12.2013,OX,3 roky,"3,215","3,265",-,-,"0,62%",
31.12.2013,OX,4 roky,"3,470","3,520",-,-,"0,87%",
31.12.2013,OX,5 let,"3,685","3,735",-,-,"0,95%",
31.12.2013,OX,6 let,"3,830","3,890",-,-,"0,78%",
31.12.2013,OX,7 let,"3,980","4,010",-,-,"1,01%",
31.12.2013,OX,8 let,"4,050","4,110",-,-,"0,62%",
31.12.2013,OX,9 let,"4,155","4,185",-,-,"0,97%",
31.12.2013,OX,10 let,"4,190","4,240",-,-,"0,72%",
31.12.2013,OX,12 let,"4,225","4,265",-,-,"0,00%",
31.12.2013,OX,15 let,"4,260","4,320",-,-,"0,35%",
31.12.2013,OX,20 let,"4,230","4,290",-,-,"1,07%",
29.11.2013,OX,1 rok,"2,700","2,730",-,-,"-0,46%",
29.11.2013,OX,2 roky,"3,028","3,078",-,-,"0,16%",
29.11.2013,OX,3 roky,"3,290","3,340",-,-,"0,61%",
29.11.2013,OX,4 roky,"3,540","3,590",-,-,"0,71%",
29.11.2013,OX,5 let,"3,740","3,790",-,-,"0,80%",
29.11.2013,OX,6 let,"3,880","3,940",-,-,"0,26%",
29.11.2013,OX,7 let,"4,010","4,060",-,-,"0,37%",
29.11.2013,OX,8 let,"4,105","4,155",-,-,"0,24%",
29.11.2013,OX,9 let,"4,175","4,225",-,-,"0,00%",
29.11.2013,OX,10 let,"4,225","4,275",-,-,"0,59%",
29.11.2013,OX,12 let,"4,260","4,330",-,-,"-0,12%",
29.11.2013,OX,15 let,"4,300","4,360",-,-,"0,00%",
29.11.2013,OX,20 let,"4,240","4,300",-,-,"0,12%",
31.10.2013,OX,1 rok,"2,748","2,783",-,-,"0,91%",
31.10.2013,OX,2 roky,"2,998","3,048",-,-,"0,83%",
31.10.2013,OX,3 roky,"3,205","3,255",-,-,"1,58%",
31.10.2013,OX,4 roky,"3,390","3,440",-,-,"1,94%",
31.10.2013,OX,5 let,"3,540","3,590",-,-,"2,00%",
31.10.2013,OX,6 let,"3,665","3,715",-,-,"2,50%",
31.10.2013,OX,7 let,"3,770","3,820",-,-,"2,71%",
31.10.2013,OX,8 let,"3,850","3,900",-,-,"2,79%",
31.10.2013,OX,9 let,"3,915","3,965",-,-,"2,87%",
31.10.2013,OX,10 let,"3,960","4,010",-,-,"2,31%",
31.10.2013,OX,12 let,"4,015","4,065",-,-,"2,67%",
31.10.2013,OX,15 let,"4,010","4,060",-,-,"2,15%",
31.10.2013,OX,20 let,"3,970","4,020",-,-,"2,44%",
30.09.2013,OX,1 rok,"2,835","2,870",-,-,"0,26%",
30.09.2013,OX,2 roky,"3,158","3,208",-,-,"0,00%",
30.09.2013,OX,3 roky,"3,400","3,450",-,-,"0,44%",
30.09.2013,OX,4 roky,"3,615","3,665",-,-,"0,28%",
30.09.2013,OX,5 let,"3,785","3,835",-,-,"0,53%",
30.09.2013,OX,6 let,"3,910","3,970",-,-,"0,51%",
30.09.2013,OX,7 let,"4,020","4,070",-,-,"0,75%",
30.09.2013,OX,8 let,"4,090","4,150",-,-,"0,61%",
30.09.2013,OX,9 let,"4,150","4,210",-,-,"0,48%",
30.09.2013,OX,10 let,"4,190","4,240",-,-,"0,48%",
30.09.2013,OX,12 let,"4,240","4,300",-,-,"0,59%",
30.09.2013,OX,15 let,"4,260","4,320",-,-,"0,35%",
30.09.2013,OX,20 let,"4,220","4,280",-,-,"1,07%",
30.08.2013,OX,1 rok,"2,840","2,870",-,-,"-0,35%",
30.08.2013,OX,2 roky,"3,235","3,285",-,-,"-1,06%",
30.08.2013,OX,3 roky,"3,560","3,610",-,-,"-1,10%",
30.08.2013,OX,4 roky,"3,800","3,850",-,-,"-1,04%",
30.08.2013,OX,5 let,"3,960","4,010",-,-,"-1,12%",
30.08.2013,OX,6 let,"4,080","4,130",-,-,"-1,08%",
30.08.2013,OX,7 let,"4,170","4,220",-,-,"-1,06%",
30.08.2013,OX,8 let,"4,240","4,290",-,-,"-1,04%",
30.08.2013,OX,9 let,"4,290","4,350",-,-,"-0,92%",
30.08.2013,OX,10 let,"4,335","4,385",-,-,"-0,91%",
30.08.2013,OX,12 let,"4,380","4,440",-,-,"-1,12%",
30.08.2013,OX,15 let,"4,440","4,500",-,-,"-0,45%",
30.08.2013,OX,20 let,"4,360","4,420",-,-,"-1,35%",
31.07.2013,OX,1 rok,"2,710","2,740",-,-,"0,37%",
31.07.2013,OX,2 roky,"2,990","3,040",-,-,"0,67%",
31.07.2013,OX,3 roky,"3,220","3,270",-,-,"1,09%",
31.07.2013,OX,4 roky,"3,385","3,435",-,-,"1,34%",
31.07.2013,OX,5 let,"3,515","3,565",-,-,"1,43%",
31.07.2013,OX,6 let,"3,630","3,690",-,-,"1,67%",
31.07.2013,OX,7 let,"3,710","3,770",-,-,"1,36%",
31.07.2013,OX,8 let,"3,790","3,850",-,-,"1,60%",
31.07.2013,OX,9 let,"3,860","3,920",-,-,"1,57%",
31.07.2013,OX,10 let,"3,920","3,970",-,-,"1,81%",
31.07.2013,OX,12 let,"3,965","4,025",-,-,"1,40%",
31.07.2013,OX,15 let,"4,000","4,060",-,-,"1,77%",
31.07.2013,OX,20 let,"3,930","3,990",-,-,"1,93%",
28.06.2013,OX,1 rok,"2,740","2,770",-,-,"0,73%",
28.06.2013,OX,2 roky,"3,098","3,148",-,-,"2,46%",
28.06.2013,OX,3 roky,"3,380","3,430",-,-,"2,41%",
28.06.2013,OX,4 roky,"3,615","3,665",-,-,"3,26%",
28.06.2013,OX,5 let,"3,765","3,815",-,-,"3,27%",
28.06.2013,OX,6 let,"3,845","3,895",-,-,"2,11%",
28.06.2013,OX,7 let,"3,920","3,970",-,-,"1,94%",
28.06.2013,OX,8 let,"3,970","4,020",-,-,"1,65%",
28.06.2013,OX,9 let,"4,020","4,070",-,-,"1,63%",
28.06.2013,OX,10 let,"4,095","4,145",-,-,"3,65%",
28.06.2013,OX,12 let,"4,095","4,145",-,-,"1,48%",
28.06.2013,OX,15 let,"4,160","4,190",-,-,"2,33%",
28.06.2013,OX,20 let,"4,060","4,090",-,-,"2,64%",
31.05.2013,OX,1 rok,"2,530","2,560","2,510","2,610","2,00%",
31.05.2013,OX,2 roky,"2,650","2,700","2,613","2,700","2,29%",
31.05.2013,OX,3 roky,"2,775","2,825","2,720","2,815","2,75%",
31.05.2013,OX,4 roky,"2,895","2,945","2,875","2,950","2,27%",
31.05.2013,OX,5 let,"3,020","3,070","2,995","3,070","2,36%",
31.05.2013,OX,6 let,"3,119","3,169","3,103","3,180","2,09%",
31.05.2013,OX,7 let,"3,205","3,255","3,188","3,285","1,89%",
31.05.2013,OX,8 let,"3,279","3,329","3,280","3,370","1,35%",
31.05.2013,OX,9 let,"3,345","3,395","3,340","3,440","0,91%",
31.05.2013,OX,10 let,"3,415","3,465","3,410","3,510","1,02%",
31.05.2013,OX,12 let,"3,470","3,530","3,480","3,590","0,57%",
31.05.2013,OX,15 let,"3,470","3,530","3,480","3,590","0,29%",
31.05.2013,OX,20 let,"3,415","3,445","3,410","3,523","0,59%",
30.04.2013,OX,1 rok,"2,705","2,755","2,693","2,745","1,49%",
30.04.2013,OX,2 roky,"2,653","2,703","2,700","2,710","-0,47%",
30.04.2013,OX,3 roky,"2,670","2,720","2,720","2,730","-0,92%",
30.04.2013,OX,4 roky,"2,705","2,755","2,755","2,775","-1,44%",
30.04.2013,OX,5 let,"2,760","2,810","2,808","2,830","-1,42%",
30.04.2013,OX,6 let,"2,820","2,880","2,865","2,890","-1,72%",
30.04.2013,OX,7 let,"2,880","2,940","2,920","2,960","-2,02%",
30.04.2013,OX,8 let,"2,950","3,010","2,980","3,030","-1,97%",
30.04.2013,OX,9 let,"3,000","3,060","3,040","3,095","-2,26%",
30.04.2013,OX,10 let,"3,045","3,095","3,085","3,150","-1,92%",
30.04.2013,OX,12 let,"3,070","3,130","3,115","3,165","-1,90%",
30.04.2013,OX,15 let,"3,030","3,090","3,080","3,100","-1,61%",
30.04.2013,OX,20 let,"2,920","2,980","2,955","3,000","-1,67%",
28.03.2013,OX,1 rok,"3,150","3,180","3,165","3,190","0,32%",
28.03.2013,OX,2 roky,"3,140","3,190","3,175","3,166","0,48%",
28.03.2013,OX,3 roky,"3,175","3,225","3,195","3,205","0,47%",
28.03.2013,OX,4 roky,"3,225","3,275","3,240","3,241","0,62%",
28.03.2013,OX,5 let,"3,275","3,325","3,295","3,294","0,61%",
28.03.2013,OX,6 let,"3,333","3,383","3,355","3,350","0,55%",
28.03.2013,OX,7 let,"3,395","3,445","3,410","3,410","0,59%",
28.03.2013,OX,8 let,"3,458","3,508","3,465","3,470","0,82%",
28.03.2013,OX,9 let,"3,515","3,565","3,515","3,525","0,85%",
28.03.2013,OX,10 let,"3,560","3,610","3,555","3,575","0,85%",
28.03.2013,OX,12 let,"3,560","3,620","3,565","3,580","1,13%",
28.03.2013,OX,15 let,"3,510","3,570","3,490","3,520","1,14%",
28.03.2013,OX,20 let,"3,395","3,455","3,375","3,400","1,18%",
28.02.2013,OX,1 rok,"3,510","3,560","3,545","3,535","0,14%",
28.02.2013,OX,2 roky,"3,500","3,550","3,548","3,530","0,00%",
28.02.2013,OX,3 roky,"3,520","3,570","3,560","3,540","0,00%",
28.02.2013,OX,4 roky,"3,555","3,605","3,590","3,570","0,00%",
28.02.2013,OX,5 let,"3,595","3,645","3,635","3,615","0,00%",
28.02.2013,OX,6 let,"3,640","3,700","3,670","3,655","0,05%",
28.02.2013,OX,7 let,"3,687","3,737","3,710","3,710","-0,09%",
28.02.2013,OX,8 let,"3,735","3,785","3,765","3,765","0,00%",
28.02.2013,OX,9 let,"3,782","3,832","3,820","3,810","0,04%",
28.02.2013,OX,10 let,"3,825","3,875","3,855","3,840","0,00%",
28.02.2013,OX,12 let,"3,840","3,900","3,840","3,860","0,91%",
28.02.2013,OX,15 let,"3,770","3,840","3,770","3,815","1,20%",
28.02.2013,OX,20 let,"3,665","3,725","3,638","3,680","1,37%",
31.01.2013,OX,1 rok,"3,500","3,530","3,505","3,511","0,29%",
31.01.2013,OX,2 roky,"3,408","3,458","3,423","3,445","0,66%",
31.01.2013,OX,3 roky,"3,390","3,440","3,395","3,420","0,59%",
31.01.2013,OX,4 roky,"3,400","3,450","3,410","3,430","0,44%",
31.01.2013,OX,5 let,"3,430","3,480","3,443","3,460","0,29%",
31.01.2013,OX,6 let,"3,474","3,524","3,490","3,510","0,32%",
31.01.2013,OX,7 let,"3,528","3,578","3,545","3,560","0,66%",
31.01.2013,OX,8 let,"3,588","3,638","3,605","3,625","0,16%",
31.01.2013,OX,9 let,"3,643","3,693","3,661","3,675","-0,06%",
31.01.2013,OX,10 let,"3,685","3,735","3,705","3,720","-0,27%",
31.01.2013,OX,12 let,"3,690","3,750","3,690","3,710","0,27%",
31.01.2013,OX,15 let,"3,610","3,670","3,580","3,625","1,11%",
31.01.2013,OX,20 let,"3,490","3,550","3,415","3,500","0,72%",
31.12.2012,OX,1 rok,"3,410","3,450","3,450","3,430","-0,29%",
31.12.2012,OX,2 roky,"3,343","3,373","3,365","3,343","0,22%",
31.12.2012,OX,3 roky,"3,290","3,330","3,323","3,305","0,00%",
31.12.2012,OX,4 roky,"3,300","3,340","3,338","3,315","-0,15%",
31.12.2012,OX,5 let,"3,340","3,380","3,365","3,340","0,30%",
31.12.2012,OX,6 let,"3,360","3,420","3,403","3,380","0,00%",
31.12.2012,OX,7 let,"3,405","3,465","3,445","3,427","0,15%",
31.12.2012,OX,8 let,"3,450","3,510","3,497","3,474","0,00%",
31.12.2012,OX,9 let,"3,490","3,550","3,545","3,524","0,00%",
31.12.2012,OX,10 let,"3,545","3,585","3,570","3,559","0,28%",
31.12.2012,OX,12 let,"3,500","3,560","3,549","3,530","0,00%",
31.12.2012,OX,15 let,"3,405","3,465","3,446","3,440","0,15%",
31.12.2012,OX,20 let,"3,245","3,305","3,304","3,264","-0,15%",
30.11.2012,OX,1 rok,"3,750","3,780","3,770","3,891","-3,21%",
30.11.2012,OX,2 roky,"3,660","3,690","3,662","3,815","-3,61%",
30.11.2012,OX,3 roky,"3,605","3,645","3,620","3,758","-3,33%",
30.11.2012,OX,4 roky,"3,605","3,645","3,617","3,745","-2,95%",
30.11.2012,OX,5 let,"3,620","3,680","3,630","3,748","-2,80%",
30.11.2012,OX,6 let,"3,650","3,710","3,655","3,767","-2,13%",
30.11.2012,OX,7 let,"3,670","3,730","3,686","3,793","-2,25%",
30.11.2012,OX,8 let,"3,722","3,762","3,722","3,828","-2,05%",
30.11.2012,OX,9 let,"3,750","3,810","3,757","3,850","-1,82%",
30.11.2012,OX,10 let,"3,780","3,820","3,782","3,878","-2,06%",
30.11.2012,OX,12 let,"3,750","3,810","3,760","3,840","-1,56%",
30.11.2012,OX,15 let,"3,630","3,690","3,625","3,740","-2,14%",
30.11.2012,OX,20 let,"3,460","3,520","3,440","3,530","-1,97%",
31.10.2012,OX,1 rok,"4,163","4,193","4,180","4,185","-0,06%",
31.10.2012,OX,2 roky,"4,110","4,170","4,145","4,140","-0,36%",
31.10.2012,OX,3 roky,"4,100","4,140","4,120","4,115","-0,24%",
31.10.2012,OX,4 roky,"4,120","4,160","4,148","4,140","-0,36%",
31.10.2012,OX,5 let,"4,160","4,210","4,188","4,185","-0,48%",
31.10.2012,OX,6 let,"4,200","4,250","4,220","4,227","-0,35%",
31.10.2012,OX,7 let,"4,240","4,290","4,265","4,273","-0,47%",
31.10.2012,OX,8 let,"4,280","4,340","4,315","4,321","-0,46%",
31.10.2012,OX,9 let,"4,320","4,380","4,355","4,347","-0,46%",
31.10.2012,OX,10 let,"4,345","4,385","4,378","4,373","-0,57%",
31.10.2012,OX,12 let,"4,300","4,360","4,335","4,332","-0,57%",
31.10.2012,OX,15 let,"4,190","4,250","4,200","4,240","-0,59%",
31.10.2012,OX,20 let,"3,940","4,000","3,935","3,970","-0,75%",
28.09.2012,OX,1 rok,"4,350","4,380","4,360","4,380","-0,57%",
28.09.2012,OX,2 roky,"4,220","4,250","4,230","4,260","-0,94%",
28.09.2012,OX,3 roky,"4,180","4,220","4,200","4,215","-0,83%",
28.09.2012,OX,4 roky,"4,175","4,215","4,195","4,208","-0,71%",
28.09.2012,OX,5 let,"4,200","4,240","4,205","4,228","-0,65%",
28.09.2012,OX,6 let,"4,220","4,250","4,232","4,250","-0,59%",
28.09.2012,OX,7 let,"4,255","4,285","4,265","4,287","-0,70%",
28.09.2012,OX,8 let,"4,300","4,330","4,300","4,325","-0,58%",
28.09.2012,OX,9 let,"4,345","4,375","4,330","4,365","-0,46%",
28.09.2012,OX,10 let,"4,340","4,380","4,356","4,370","-0,68%",
28.09.2012,OX,12 let,"4,300","4,360","4,320","4,340","-0,69%",
28.09.2012,OX,15 let,"4,150","4,210","4,181","4,210","-0,95%",
28.09.2012,OX,20 let,"3,925","3,955","3,916","3,945","-0,76%",
31.08.2012,OX,1 rok,"4,520","4,550","4,535","4,565","-0,98%",
31.08.2012,OX,2 roky,"4,320","4,380","4,360","4,380","-1,14%",
31.08.2012,OX,3 roky,"4,260","4,320","4,290","4,314","-0,92%",
31.08.2012,OX,4 roky,"4,230","4,290","4,260","4,290","-1,16%",
31.08.2012,OX,5 let,"4,230","4,290","4,255","4,291","-1,16%",
31.08.2012,OX,6 let,"4,250","4,310","4,265","4,315","-1,15%",
31.08.2012,OX,7 let,"4,280","4,340","4,295","4,346","-1,15%",
31.08.2012,OX,8 let,"4,320","4,380","4,335","4,385","-1,14%",
31.08.2012,OX,9 let,"4,350","4,410","4,370","4,425","-1,13%",
31.08.2012,OX,10 let,"4,360","4,420","4,380","4,435","-1,13%",
31.08.2012,OX,12 let,"4,310","4,370","4,344","4,395","-1,36%",
31.08.2012,OX,15 let,"4,150","4,210","4,179","4,230","-1,42%",
31.08.2012,OX,20 let,"3,850","3,910","3,890","3,920","-2,63%",
31.07.2012,OX,1 rok,"4,700","4,730","4,708","4,710","0,16%",
31.07.2012,OX,2 roky,"4,425","4,455","4,443","4,455","-0,56%",
31.07.2012,OX,3 roky,"4,325","4,365","4,354","4,365","-0,69%",
31.07.2012,OX,4 roky,"4,295","4,335","4,325","4,345","-0,69%",
31.07.2012,OX,5 let,"4,305","4,345","4,320","4,345","-0,86%",
31.07.2012,OX,6 let,"4,310","4,370","4,345","4,374","-1,03%",
31.07.2012,OX,7 let,"4,350","4,410","4,375","4,410","-0,90%",
31.07.2012,OX,8 let,"4,390","4,450","4,424","4,453","-0,90%",
31.07.2012,OX,9 let,"4,430","4,490","4,455","4,491","-0,67%",
31.07.2012,OX,10 let,"4,450","4,490","4,475","4,500","-0,89%",
31.07.2012,OX,12 let,"4,390","4,450","4,430","4,445","-0,90%",
31.07.2012,OX,15 let,"4,220","4,280","4,260","4,280","-0,93%",
31.07.2012,OX,20 let,"3,930","3,990","3,980","3,990","-1,00%",
29.06.2012,OX,1 rok,"4,990","5,040","5,010","5,010","0,00%",
29.06.2012,OX,2 roky,"4,670","4,730","4,710","4,733","-1,00%",
29.06.2012,OX,3 roky,"4,585","4,645","4,625","4,645","-1,07%",
29.06.2012,OX,4 roky,"4,585","4,645","4,625","4,630","-0,97%",
29.06.2012,OX,5 let,"4,585","4,645","4,625","4,660","-1,39%",
29.06.2012,OX,6 let,"4,615","4,675","4,660","4,682","-1,38%",
29.06.2012,OX,7 let,"4,645","4,705","4,690","4,708","-1,16%",
29.06.2012,OX,8 let,"4,670","4,720","4,710","4,730","-1,16%",
29.06.2012,OX,9 let,"4,680","4,740","4,720","4,745","-1,26%",
29.06.2012,OX,10 let,"4,680","4,750","4,725","4,750","-1,15%",
29.06.2012,OX,12 let,"4,640","4,700","4,655","4,700","-1,06%",
29.06.2012,OX,15 let,"4,460","4,510","4,500","4,540","-1,64%",
29.06.2012,OX,20 let,"4,170","4,220","4,210","4,250","-1,99%",
31.05.2012,OX,1 rok,"5,100","5,140","5,124","5,125","0,00%",
31.05.2012,OX,2 roky,"4,885","4,915","4,889","4,890","0,20%",
31.05.2012,OX,3 roky,"4,790","4,830","4,800","4,810","0,00%",
31.05.2012,OX,4 roky,"4,760","4,820","4,781","4,790","-0,10%",
31.05.2012,OX,5 let,"4,770","4,810","4,781","4,790","-0,10%",
31.05.2012,OX,6 let,"4,783","4,823","4,793","4,795","-0,14%",
31.05.2012,OX,7 let,"4,797","4,837","4,805","4,807","-0,07%",
31.05.2012,OX,8 let,"4,810","4,850","4,820","4,825","0,00%",
31.05.2012,OX,9 let,"4,818","4,858","4,830","4,835","-0,04%",
31.05.2012,OX,10 let,"4,815","4,855","4,830","4,835","-0,10%",
31.05.2012,OX,12 let,"4,760","4,830","4,770","4,805","-0,10%",
31.05.2012,OX,15 let,"4,580","4,630","4,600","4,600","-0,11%",
31.05.2012,OX,20 let,"4,320","4,380","4,335","4,349","0,00%",
30.04.2012,OX,1 rok,"5,100","5,140","5,107","5,130","0,00%",
30.04.2012,OX,2 roky,"4,943","4,973","4,943","4,960","0,05%",
30.04.2012,OX,3 roky,"4,910","4,950","4,915","4,938","0,14%",
30.04.2012,OX,4 roky,"4,910","4,960","4,924","4,940","-0,10%",
30.04.2012,OX,5 let,"4,925","4,965","4,930","4,950","0,00%",
30.04.2012,OX,6 let,"4,937","4,977","4,950","4,970","-0,27%",
30.04.2012,OX,7 let,"4,952","4,992","4,967","4,985","-0,07%",
30.04.2012,OX,8 let,"4,965","5,005","4,983","4,995","-0,30%",
30.04.2012,OX,9 let,"4,977","5,017","4,992","5,005","-0,27%",
30.04.2012,OX,10 let,"4,985","5,025","4,993","5,008","-0,10%",
30.04.2012,OX,12 let,"4,930","5,000","4,950","4,974","-0,10%",
30.04.2012,OX,15 let,"4,750","4,820","4,780","4,788","-0,10%",
30.04.2012,OX,20 let,"4,500","4,550","4,507","4,540","-0,11%",
30.03.2012,OX,1 rok,"4,930","4,970","4,945","4,950","-0,20%",
30.03.2012,OX,2 roky,"4,780","4,840","4,825","4,840","-0,82%",
30.03.2012,OX,3 roky,"4,760","4,820","4,805","4,820","-0,73%",
30.03.2012,OX,4 roky,"4,790","4,850","4,835","4,850","-0,72%",
30.03.2012,OX,5 let,"4,830","4,880","4,865","4,880","-0,72%",
30.03.2012,OX,6 let,"4,860","4,920","4,895","4,910","-0,61%",
30.03.2012,OX,7 let,"4,880","4,940","4,920","4,935","-0,71%",
30.03.2012,OX,8 let,"4,890","4,960","4,935","4,950","-0,71%",
30.03.2012,OX,9 let,"4,910","4,960","4,940","4,959","-0,70%",
30.03.2012,OX,10 let,"4,910","4,960","4,935","4,960","-0,70%",
30.03.2012,OX,12 let,"4,870","4,920","4,885","4,910","-0,71%",
30.03.2012,OX,15 let,"4,680","4,750","4,725","4,745","-0,74%",
30.03.2012,OX,20 let,"4,420","4,490","4,470","4,486","-0,78%",
29.02.2012,OX,1 rok,"4,950","4,990","4,960","4,960","0,10%",
29.02.2012,OX,2 roky,"4,795","4,845","4,804","4,817","0,21%",
29.02.2012,OX,3 roky,"4,735","4,785","4,750","4,767","-0,10%",
29.02.2012,OX,4 roky,"4,725","4,775","4,740","4,765","-0,21%",
29.02.2012,OX,5 let,"4,735","4,785","4,750","4,775","-0,31%",
29.02.2012,OX,6 let,"4,760","4,800","4,760","4,780","0,00%",
29.02.2012,OX,7 let,"4,770","4,820","4,775","4,800","-0,31%",
29.02.2012,OX,8 let,"4,785","4,835","4,790","4,820","-0,27%",
29.02.2012,OX,9 let,"4,795","4,845","4,800","4,830","-0,25%",
29.02.2012,OX,10 let,"4,795","4,845","4,805","4,830","-0,21%",
29.02.2012,OX,12 let,"4,760","4,800","4,765","4,791","-0,10%",
29.02.2012,OX,15 let,"4,570","4,620","4,595","4,632","-0,43%",
29.02.2012,OX,20 let,"4,310","4,370","4,325","4,350","-0,23%",
31.01.2012,OX,1 rok,"5,020","5,080","5,040","5,054","0,00%",
31.01.2012,OX,2 roky,"4,905","4,935","4,905","4,920","-0,51%",
31.01.2012,OX,3 roky,"4,825","4,855","4,830","4,855","-0,72%",
31.01.2012,OX,4 roky,"4,790","4,850","4,810","4,840","-0,82%",
31.01.2012,OX,5 let,"4,790","4,840","4,815","4,850","-1,23%",
31.01.2012,OX,6 let,"4,800","4,870","4,832","4,870","-1,33%",
31.01.2012,OX,7 let,"4,830","4,880","4,850","4,890","-1,32%",
31.01.2012,OX,8 let,"4,840","4,890","4,872","4,910","-1,42%",
31.01.2012,OX,9 let,"4,840","4,910","4,889","4,924","-1,42%",
31.01.2012,OX,10 let,"4,850","4,910","4,885","4,920","-1,31%",
31.01.2012,OX,12 let,"4,810","4,870","4,840","4,880","-1,33%",
31.01.2012,OX,15 let,"4,640","4,710","4,690","4,720","-1,37%",
31.01.2012,OX,20 let,"4,380","4,430","4,420","4,440","-1,45%",
